Type,Protein,Mutation,position,Mut_len,Mut_positions
aa,ORF1ab,K856R,856,1,856
aa,ORF1ab,A2710T,2710,1,2710
aa,ORF1ab,T3255I,3255,1,3255
aa,ORF1ab,P3395H,3395,1,3395
aa,ORF1ab,I3758V,3758,1,3758
aa,ORF1b,P314L,314,1,314
aa,ORF1b,I1566V,1566,1,1566
aa,S,A67V,67,1,67
aa,S,T95I,95,1,95
aa,S,G339D,339,1,339
aa,S,S371L,371,1,371
aa,S,S373P,373,1,373
aa,S,K417N,417,1,417
aa,S,N440K,440,1,440
aa,S,G446S,446,1,446
aa,S,S477N,477,1,477
aa,S,T478K,478,1,478
aa,S,E484A,484,1,484
aa,S,Q493R,493,1,493
aa,S,G496S,496,1,496
aa,S,Q498R,498,1,498
aa,S,N501Y,501,1,501
aa,S,T547K,547,1,547
aa,S,D614G,614,1,614
aa,S,H655Y,655,1,655
aa,S,N679K,679,1,679
aa,S,P681H,681,1,681
aa,S,N764K,764,1,764
aa,S,D796Y,796,1,796
aa,S,N856K,856,1,856
aa,S,Q954H,954,1,954
aa,S,N969K,969,1,969
aa,E,T9I,9,1,9
aa,M,D3G,3,1,3
aa,M,Q19E,19,1,19
aa,M,A63T,63,1,63
aa,N,RG203KR,203,2,203|204
